date,cash,ticker,activity,interest ticker
2020-05-17 09:00:00,1000000,,,[]
2020-05-18 09:00:00,1000000,,,[]
2020-05-19 09:00:00,1000000,,,[]
2020-05-20 09:00:00,1000000,,,[]
2020-05-21 09:00:00,1000000,KRW-ANKR,buy,['KRW-ANKR']
2020-05-22 09:00:00,1000000,KRW-ANKR,,['KRW-ANKR']
2020-05-23 09:00:00,1000000,KRW-ANKR,,['KRW-ANKR']
2020-05-24 09:00:00,1000000,KRW-ANKR,,['KRW-ANKR']
2020-05-25 09:00:00,1000000,KRW-ANKR,,"['KRW-ARDR', 'KRW-ANKR']"
2020-05-26 09:00:00,1000000,KRW-ANKR,,"['KRW-IQ', 'KRW-ANKR']"
2020-05-27 09:00:00,1181415.92920354,,surplus sell,[]
2020-05-28 09:00:00,1181415.92920354,KRW-QKC,buy,"['KRW-IQ', 'KRW-QKC']"
2020-05-29 09:00:00,1181415.92920354,KRW-QKC,,['KRW-QKC']
2020-05-30 09:00:00,1181415.92920354,KRW-QKC,,['KRW-QKC']
2020-05-31 09:00:00,1181415.92920354,KRW-QKC,,['KRW-QKC']
2020-06-01 09:00:00,1181415.92920354,KRW-QKC,,"['KRW-QKC', 'KRW-ORBS']"
2020-06-02 09:00:00,1181415.92920354,KRW-QKC,,['KRW-QKC']
2020-06-03 09:00:00,1181415.92920354,KRW-QKC,,"['KRW-ARDR', 'KRW-QKC', 'KRW-ANKR']"
2020-06-04 09:00:00,1308222.6479015946,,surplus sell,['KRW-ORBS']
2020-06-05 09:00:00,1308222.6479015946,,,[]
2020-06-06 09:00:00,1308222.6479015946,,,[]
2020-06-07 09:00:00,1308222.6479015946,KRW-ORBS,buy,['KRW-ORBS']
2020-06-08 09:00:00,1308222.6479015946,KRW-ORBS,,"['KRW-ARDR', 'KRW-ORBS']"
2020-06-09 09:00:00,1308222.6479015946,KRW-ORBS,,['KRW-ORBS']
2020-06-10 09:00:00,1308222.6479015946,KRW-ORBS,,['KRW-ORBS']
2020-06-11 09:00:00,1445129.669193622,,surplus sell,[]
2020-06-12 09:00:00,1445129.669193622,KRW-ANKR,buy,"['KRW-ARDR', 'KRW-POLYX', 'KRW-ANKR']"
2020-06-13 09:00:00,1445129.669193622,KRW-ANKR,,"['KRW-POLYX', 'KRW-ANKR']"
2020-06-14 09:00:00,1445129.669193622,KRW-ANKR,,['KRW-ANKR']
2020-06-15 09:00:00,1445129.669193622,KRW-ANKR,,"['KRW-ARDR', 'KRW-POLYX', 'KRW-ANKR']"
2020-06-16 09:00:00,1445129.669193622,KRW-ANKR,,"['KRW-POLYX', 'KRW-ANKR']"
2020-06-17 09:00:00,1445129.669193622,KRW-ANKR,,['KRW-ANKR']
2020-06-18 09:00:00,1586117.9296027557,,surplus sell,[]
2020-06-19 09:00:00,1586117.9296027557,,,[]
2020-06-20 09:00:00,1586117.9296027557,,,[]
2020-06-21 09:00:00,1586117.9296027557,,,[]
2020-06-22 09:00:00,1586117.9296027557,KRW-ARK,buy,['KRW-ARK']
2020-06-23 09:00:00,1586117.9296027557,KRW-ARK,,['KRW-ARK']
2020-06-24 09:00:00,1586117.9296027557,KRW-ARK,,['KRW-ARK']
2020-06-25 09:00:00,1586117.9296027557,KRW-ARK,,['KRW-ARK']
2020-06-26 09:00:00,1586117.9296027557,KRW-ARK,,['KRW-ARK']
2020-06-27 09:00:00,1586117.9296027557,KRW-ARK,,['KRW-ARK']
2020-06-28 09:00:00,1586117.9296027557,KRW-ARK,,['KRW-ARK']
2020-06-29 09:00:00,1586117.9296027557,KRW-ARK,,['KRW-ARK']
2020-06-30 09:00:00,1586117.9296027557,KRW-ARK,,['KRW-ARK']
2020-07-01 09:00:00,1586117.9296027557,KRW-ARK,,['KRW-ARK']
2020-07-02 09:00:00,1586117.9296027557,KRW-ARK,,['KRW-ARK']
2020-07-03 09:00:00,1586117.9296027557,KRW-ARK,,"['KRW-ARDR', 'KRW-ARK']"
2020-07-04 09:00:00,1586117.9296027557,KRW-ARK,,['KRW-ARK']
2020-07-05 09:00:00,1586117.9296027557,KRW-ARK,,"['KRW-ARDR', 'KRW-ARK']"
2020-07-06 09:00:00,1586117.9296027557,KRW-ARK,,['KRW-ARK']
2020-07-07 09:00:00,1586117.9296027557,KRW-ARK,,['KRW-ARK']
2020-07-08 09:00:00,1586117.9296027557,KRW-ARK,,['KRW-ARK']
2020-07-09 09:00:00,1586117.9296027557,KRW-ARK,,['KRW-ARK']
2020-07-10 09:00:00,1586117.9296027557,KRW-ARK,,['KRW-ARK']
2020-07-11 09:00:00,1586117.9296027557,KRW-ARK,,['KRW-ARK']
2020-07-12 09:00:00,1586117.9296027557,KRW-ARK,,['KRW-ARK']
2020-07-13 09:00:00,1586117.9296027557,KRW-ARK,,['KRW-ARK']
2020-07-14 09:00:00,1586117.9296027557,KRW-ARK,,['KRW-ARK']
2020-07-15 09:00:00,1586117.9296027557,KRW-ARK,,['KRW-ARK']
2020-07-16 09:00:00,1824035.6190431688,,surplus sell,[]
2020-07-17 09:00:00,1824035.6190431688,,,[]
2020-07-18 09:00:00,1824035.6190431688,,,[]
2020-07-19 09:00:00,1824035.6190431688,,,[]
2020-07-20 09:00:00,1824035.6190431688,KRW-GLM,buy,['KRW-GLM']
2020-07-21 09:00:00,1824035.6190431688,KRW-GLM,,['KRW-GLM']
2020-07-22 09:00:00,1987418.4886633458,,surplus sell,['KRW-IQ']
2020-07-23 09:00:00,1987418.4886633458,KRW-STORJ,buy,['KRW-STORJ']
2020-07-24 09:00:00,1987418.4886633458,KRW-STORJ,,['KRW-STORJ']
2020-07-25 09:00:00,1987418.4886633458,KRW-STORJ,,['KRW-STORJ']
2020-07-26 09:00:00,1987418.4886633458,KRW-STORJ,,['KRW-STORJ']
2020-07-27 09:00:00,1987418.4886633458,KRW-STORJ,,['KRW-STORJ']
2020-07-28 09:00:00,1987418.4886633458,KRW-STORJ,,['KRW-STORJ']
2020-07-29 09:00:00,1987418.4886633458,KRW-STORJ,,"['KRW-STORJ', 'KRW-IQ', 'KRW-MANA']"
2020-07-30 09:00:00,1987418.4886633458,KRW-STORJ,,['KRW-STORJ']
2020-07-31 09:00:00,1987418.4886633458,KRW-STORJ,,['KRW-SBD']
2020-08-01 09:00:00,1987418.4886633458,KRW-STORJ,,['KRW-STORJ']
2020-08-02 09:00:00,1987418.4886633458,KRW-STORJ,,['KRW-STORJ']
2020-08-03 09:00:00,1987418.4886633458,KRW-STORJ,,"['KRW-STORJ', 'KRW-MANA']"
2020-08-04 09:00:00,1987418.4886633458,KRW-STORJ,,['KRW-STORJ']
2020-08-05 09:00:00,1987418.4886633458,KRW-STORJ,,['KRW-STORJ']
2020-08-06 09:00:00,1987418.4886633458,KRW-STORJ,,"['KRW-STORJ', 'KRW-GRS']"
2020-08-07 09:00:00,1987418.4886633458,KRW-STORJ,,['KRW-STORJ']
2020-08-08 09:00:00,1987418.4886633458,KRW-STORJ,,"['KRW-STORJ', 'KRW-GRS']"
2020-08-09 09:00:00,1987418.4886633458,KRW-STORJ,,['KRW-STORJ']
2020-08-10 09:00:00,2190576.823060043,,surplus sell,[]
2020-08-11 09:00:00,2190576.823060043,KRW-STMX,buy,['KRW-STMX']
2020-08-12 09:00:00,2190576.823060043,KRW-STMX,,"['KRW-GRS', 'KRW-STMX']"
2020-08-13 09:00:00,2190576.823060043,KRW-STMX,,['KRW-STMX']
2020-08-14 09:00:00,2527164.193857682,,surplus sell,[]
2020-08-15 09:00:00,2527164.193857682,,,[]
2020-08-16 09:00:00,2527164.193857682,,,[]
2020-08-17 09:00:00,2527164.193857682,KRW-SBD,buy,['KRW-SBD']
2020-08-18 09:00:00,2527164.193857682,KRW-SBD,,['KRW-SBD']
2020-08-19 09:00:00,2527164.193857682,KRW-SBD,,['KRW-SBD']
2020-08-20 09:00:00,2527164.193857682,KRW-SBD,,['KRW-SBD']
2020-08-21 09:00:00,2527164.193857682,KRW-SBD,,['KRW-SBD']
2020-08-22 09:00:00,2527164.193857682,KRW-SBD,,['KRW-SBD']
2020-08-23 09:00:00,2527164.193857682,KRW-SBD,,['KRW-SBD']
2020-08-24 09:00:00,2527164.193857682,KRW-SBD,,['KRW-SBD']
2020-08-25 09:00:00,2527164.193857682,KRW-SBD,,['KRW-SBD']
2020-08-26 09:00:00,2527164.193857682,KRW-SBD,,['KRW-SBD']
2020-08-27 09:00:00,2527164.193857682,KRW-SBD,,['KRW-SBD']
2020-08-28 09:00:00,2527164.193857682,KRW-SBD,,['KRW-SBD']
2020-08-29 09:00:00,2527164.193857682,KRW-SBD,,['KRW-SBD']
2020-08-30 09:00:00,2527164.193857682,KRW-SBD,,['KRW-SBD']
2020-08-31 09:00:00,2527164.193857682,KRW-SBD,,['KRW-SBD']
2020-09-01 09:00:00,2527164.193857682,KRW-SBD,,['KRW-SBD']
2020-09-02 09:00:00,2527164.193857682,KRW-SBD,,['KRW-SBD']
2020-09-03 09:00:00,2527164.193857682,KRW-SBD,,['KRW-SBD']
2020-09-04 09:00:00,2527164.193857682,KRW-SBD,,['KRW-SBD']
2020-09-05 09:00:00,2527164.193857682,KRW-SBD,,['KRW-SBD']
2020-09-06 09:00:00,2527164.193857682,KRW-SBD,,['KRW-SBD']
2020-09-07 09:00:00,2527164.193857682,KRW-SBD,,['KRW-SBD']
2020-09-08 09:00:00,2527164.193857682,KRW-SBD,,['KRW-SBD']
2020-09-09 09:00:00,2527164.193857682,KRW-SBD,,['KRW-SBD']
2020-09-10 09:00:00,2527164.193857682,KRW-SBD,,['KRW-SBD']
2020-09-11 09:00:00,2527164.193857682,KRW-SBD,,['KRW-SBD']
2020-09-12 09:00:00,2527164.193857682,KRW-SBD,,['KRW-SBD']
2020-09-13 09:00:00,2527164.193857682,KRW-SBD,,['KRW-SBD']
2020-09-14 09:00:00,2527164.193857682,KRW-SBD,,['KRW-SBD']
2020-09-15 09:00:00,2527164.193857682,KRW-SBD,,['KRW-SBD']
2020-09-16 09:00:00,2527164.193857682,KRW-SBD,,['KRW-SBD']
2020-09-17 09:00:00,2527164.193857682,KRW-SBD,,['KRW-SBD']
2020-09-18 09:00:00,2527164.193857682,KRW-SBD,,['KRW-SBD']
2020-09-19 09:00:00,2527164.193857682,KRW-SBD,,['KRW-SBD']
2020-09-20 09:00:00,2527164.193857682,KRW-SBD,,['KRW-SBD']
2020-09-21 09:00:00,2527164.193857682,KRW-SBD,,['KRW-SBD']
2020-09-22 09:00:00,2527164.193857682,KRW-SBD,,['KRW-SBD']
2020-09-23 09:00:00,2527164.193857682,KRW-SBD,,['KRW-SBD']
2020-09-24 09:00:00,2527164.193857682,KRW-SBD,,['KRW-SBD']
2020-09-25 09:00:00,2527164.193857682,KRW-SBD,,['KRW-SBD']
2020-09-26 09:00:00,2527164.193857682,KRW-SBD,,['KRW-SBD']
2020-09-27 09:00:00,2527164.193857682,KRW-SBD,,['KRW-SBD']
2020-09-28 09:00:00,2527164.193857682,KRW-SBD,,['KRW-SBD']
2020-09-29 09:00:00,2527164.193857682,KRW-SBD,,['KRW-SBD']
2020-09-30 09:00:00,2527164.193857682,KRW-SBD,,['KRW-SBD']
2020-10-01 09:00:00,2527164.193857682,KRW-SBD,,['KRW-SBD']
2020-10-02 09:00:00,2527164.193857682,KRW-SBD,,['KRW-SBD']
2020-10-03 09:00:00,2527164.193857682,KRW-SBD,,['KRW-SBD']
2020-10-04 09:00:00,2527164.193857682,KRW-SBD,,['KRW-SBD']
2020-10-05 09:00:00,2527164.193857682,KRW-SBD,,['KRW-SBD']
2020-10-06 09:00:00,2527164.193857682,KRW-SBD,,['KRW-SBD']
2020-10-07 09:00:00,2527164.193857682,KRW-SBD,,['KRW-SBD']
2020-10-08 09:00:00,2527164.193857682,KRW-SBD,,['KRW-SBD']
2020-10-09 09:00:00,2527164.193857682,KRW-SBD,,['KRW-SBD']
2020-10-10 09:00:00,2527164.193857682,KRW-SBD,,['KRW-SBD']
2020-10-11 09:00:00,2527164.193857682,KRW-SBD,,['KRW-SBD']
2020-10-12 09:00:00,2527164.193857682,KRW-SBD,,['KRW-SBD']
2020-10-13 09:00:00,2527164.193857682,KRW-SBD,,['KRW-SBD']
2020-10-14 09:00:00,2527164.193857682,KRW-SBD,,['KRW-SBD']
2020-10-15 09:00:00,2527164.193857682,KRW-SBD,,['KRW-SBD']
2020-10-16 09:00:00,2527164.193857682,KRW-SBD,,['KRW-SBD']
2020-10-17 09:00:00,2527164.193857682,KRW-SBD,,['KRW-SBD']
2020-10-18 09:00:00,2527164.193857682,KRW-SBD,,['KRW-SBD']
2020-10-19 09:00:00,2527164.193857682,KRW-SBD,,['KRW-SBD']
2020-10-20 09:00:00,2527164.193857682,KRW-SBD,,['KRW-SBD']
2020-10-21 09:00:00,2527164.193857682,KRW-SBD,,['KRW-SBD']
2020-10-22 09:00:00,2527164.193857682,KRW-SBD,,['KRW-SBD']
2020-10-23 09:00:00,2527164.193857682,KRW-SBD,,['KRW-SBD']
2020-10-24 09:00:00,2527164.193857682,KRW-SBD,,['KRW-SBD']
2020-10-25 09:00:00,2527164.193857682,KRW-SBD,,['KRW-SBD']
2020-10-26 09:00:00,2527164.193857682,KRW-SBD,,['KRW-SBD']
2020-10-27 09:00:00,2527164.193857682,KRW-SBD,,['KRW-SBD']
2020-10-28 09:00:00,2139859.3365614857,,deficit sell,[]
2020-10-29 09:00:00,2139859.3365614857,,,[]
2020-10-30 09:00:00,2139859.3365614857,,,[]
2020-10-31 09:00:00,2139859.3365614857,KRW-STRK,buy,['KRW-STRK']
2020-11-01 09:00:00,2393341.2965398435,,surplus sell,[]
2020-11-02 09:00:00,2393341.2965398435,,,[]
2020-11-03 09:00:00,2393341.2965398435,,,[]
2020-11-04 09:00:00,2393341.2965398435,,,[]
2020-11-05 09:00:00,2393341.2965398435,,,[]
2020-11-06 09:00:00,2393341.2965398435,KRW-MLK,buy,"['KRW-ARDR', 'KRW-ARK', 'KRW-GRS', 'KRW-MLK']"
2020-11-07 09:00:00,2393341.2965398435,KRW-MLK,,['KRW-MLK']
2020-11-08 09:00:00,2393341.2965398435,KRW-MLK,,"['KRW-ARK', 'KRW-POLYX']"
2020-11-09 09:00:00,2393341.2965398435,KRW-MLK,,['KRW-MLK']
2020-11-10 09:00:00,2393341.2965398435,KRW-MLK,,['KRW-POWR']
2020-11-11 09:00:00,2393341.2965398435,KRW-MLK,,"['KRW-MOC', 'KRW-MLK']"
2020-11-12 09:00:00,2393341.2965398435,KRW-MLK,,['KRW-MLK']
2020-11-13 09:00:00,2393341.2965398435,KRW-MLK,,"['KRW-ZRX', 'KRW-MOC', 'KRW-MLK']"
2020-11-14 09:00:00,2393341.2965398435,KRW-MLK,,['KRW-POWR']
2020-11-15 09:00:00,2393341.2965398435,KRW-MLK,,['KRW-MLK']
2020-11-16 09:00:00,2393341.2965398435,KRW-MLK,,"['KRW-MOC', 'KRW-MLK']"
2020-11-17 09:00:00,2393341.2965398435,KRW-MLK,,"['KRW-ZRX', 'KRW-MLK']"
2020-11-18 09:00:00,2393341.2965398435,KRW-MLK,,['KRW-MLK']
2020-11-19 09:00:00,2393341.2965398435,KRW-MLK,,['KRW-MLK']
2020-11-20 09:00:00,2393341.2965398435,KRW-MLK,,"['KRW-SBD', 'KRW-EOS', 'KRW-ZRX', 'KRW-MLK', 'KRW-JST']"
2020-11-21 09:00:00,2393341.2965398435,KRW-MLK,,['KRW-POWR']
2020-11-22 09:00:00,2393341.2965398435,KRW-MLK,,"['KRW-MTL', 'KRW-MOC', 'KRW-MLK']"
2020-11-23 09:00:00,2393341.2965398435,KRW-MLK,,"['KRW-MTL', 'KRW-MOC', 'KRW-MLK']"
2020-11-24 09:00:00,2393341.2965398435,KRW-MLK,,"['KRW-MOC', 'KRW-MLK']"
2020-11-25 09:00:00,2654683.1622539647,,surplus sell,"['KRW-SBD', 'KRW-MVL']"
2020-11-26 09:00:00,2654683.1622539647,,,[]
2020-11-27 09:00:00,2654683.1622539647,KRW-RFR,buy,['KRW-RFR']
2020-11-28 09:00:00,2654683.1622539647,KRW-RFR,,"['KRW-RFR', 'KRW-JST']"
2020-11-29 09:00:00,2654683.1622539647,KRW-RFR,,['KRW-MVL']
2020-11-30 09:00:00,2654683.1622539647,KRW-RFR,,"['KRW-RFR', 'KRW-JST']"
2020-12-01 09:00:00,3092834.752140541,,surplus sell,['KRW-MOC']
2020-12-02 09:00:00,3092834.752140541,KRW-HUNT,buy,['KRW-HUNT']
2020-12-03 09:00:00,3092834.752140541,KRW-HUNT,,['KRW-HUNT']
2020-12-04 09:00:00,3092834.752140541,KRW-HUNT,,['KRW-HUNT']
2020-12-05 09:00:00,3092834.752140541,KRW-HUNT,,['KRW-HUNT']
2020-12-06 09:00:00,3092834.752140541,KRW-HUNT,,['KRW-HUNT']
2020-12-07 09:00:00,3092834.752140541,KRW-HUNT,,['KRW-HUNT']
2020-12-08 09:00:00,2604256.5086864554,,deficit sell,[]
2020-12-09 09:00:00,2604256.5086864554,,,[]
2020-12-10 09:00:00,2604256.5086864554,,,[]
2020-12-11 09:00:00,2604256.5086864554,,,[]
2020-12-12 09:00:00,2604256.5086864554,KRW-MVL,buy,"['KRW-IOST', 'KRW-STPT', 'KRW-MVL']"
2020-12-13 09:00:00,2604256.5086864554,KRW-MVL,,['KRW-MVL']
2020-12-14 09:00:00,2604256.5086864554,KRW-MVL,,['KRW-BORA']
2020-12-15 09:00:00,2918563.3287003376,,surplus sell,['KRW-MBL']
2020-12-16 09:00:00,2918563.3287003376,KRW-SRM,buy,['KRW-SRM']
2020-12-17 09:00:00,2918563.3287003376,KRW-SRM,,['KRW-SRM']
2020-12-18 09:00:00,2918563.3287003376,KRW-SRM,,['KRW-SRM']
2020-12-19 09:00:00,2918563.3287003376,KRW-SRM,,"['KRW-IQ', 'KRW-SRM', 'KRW-AQT']"
2020-12-20 09:00:00,2918563.3287003376,KRW-SRM,,['KRW-SRM']
2020-12-21 09:00:00,2918563.3287003376,KRW-SRM,,['KRW-SRM']
2020-12-22 09:00:00,3401160.4145484245,,surplus sell,"['KRW-GRS', 'KRW-POWR', 'KRW-MLK']"
2020-12-23 09:00:00,3401160.4145484245,,,[]
2020-12-24 09:00:00,3401160.4145484245,KRW-STPT,buy,['KRW-STPT']
2020-12-25 09:00:00,3401160.4145484245,KRW-STPT,,"['KRW-IOST', 'KRW-STPT']"
2020-12-26 09:00:00,3401160.4145484245,KRW-STPT,,"['KRW-IOST', 'KRW-STPT']"
2020-12-27 09:00:00,3401160.4145484245,KRW-STPT,,['KRW-IQ']
2020-12-28 09:00:00,3401160.4145484245,KRW-STPT,,"['KRW-GRS', 'KRW-IOST', 'KRW-HIFI', 'KRW-STPT']"
2020-12-29 09:00:00,3401160.4145484245,KRW-STPT,,"['KRW-REP', 'KRW-STPT', 'KRW-STRK']"
2020-12-30 09:00:00,3401160.4145484245,KRW-STPT,,"['KRW-IOST', 'KRW-HIFI', 'KRW-STPT']"
2020-12-31 09:00:00,3401160.4145484245,KRW-STPT,,"['KRW-MTL', 'KRW-GRS', 'KRW-HIFI', 'KRW-STPT']"
2021-01-01 09:00:00,3401160.4145484245,KRW-STPT,,"['KRW-SC', 'KRW-ZRX', 'KRW-IOST', 'KRW-ONG', 'KRW-STPT']"
2021-01-02 09:00:00,3401160.4145484245,KRW-STPT,,['KRW-STPT']
2021-01-03 09:00:00,3401160.4145484245,KRW-STPT,,"['KRW-MTL', 'KRW-REP', 'KRW-ZRX', 'KRW-IOST', 'KRW-STPT']"
2021-01-04 09:00:00,3401160.4145484245,KRW-STPT,,"['KRW-IOST', 'KRW-STPT']"
2021-01-05 09:00:00,3401160.4145484245,KRW-STPT,,['KRW-GRS']
2021-01-06 09:00:00,3401160.4145484245,KRW-STPT,,"['KRW-MTL', 'KRW-STEEM', 'KRW-REP', 'KRW-SBD', 'KRW-POWR', 'KRW-BAT', 'KRW-STPT']"
2021-01-07 09:00:00,3401160.4145484245,KRW-STPT,,['KRW-ORBS']
2021-01-08 09:00:00,3772871.935264099,,surplus sell,"['KRW-STEEM', 'KRW-SBD', 'KRW-POWR', 'KRW-BTT', 'KRW-ORBS', 'KRW-META']"
2021-01-09 09:00:00,3772871.935264099,KRW-AERGO,buy,"['KRW-AERGO', 'KRW-FCT2']"
2021-01-10 09:00:00,4118944.7206930006,,surplus sell,[]
2021-01-11 09:00:00,4118944.7206930006,KRW-META,buy,['KRW-META']
2021-01-12 09:00:00,4118944.7206930006,KRW-META,,['KRW-META']
2021-01-13 09:00:00,4118944.7206930006,KRW-META,,"['KRW-GRS', 'KRW-META']"
2021-01-14 09:00:00,4118944.7206930006,KRW-META,,"['KRW-GRS', 'KRW-META']"
2021-01-15 09:00:00,4118944.7206930006,KRW-META,,['KRW-META']
2021-01-16 09:00:00,4118944.7206930006,KRW-META,,"['KRW-SBD', 'KRW-META']"
2021-01-17 09:00:00,4118944.7206930006,KRW-META,,['KRW-META']
2021-01-18 09:00:00,4118944.7206930006,KRW-META,,"['KRW-SBD', 'KRW-META']"
2021-01-19 09:00:00,4118944.7206930006,KRW-META,,"['KRW-SBD', 'KRW-STRAX', 'KRW-META']"
2021-01-20 09:00:00,4118944.7206930006,KRW-META,,"['KRW-SBD', 'KRW-META']"
2021-01-21 09:00:00,4118944.7206930006,KRW-META,,['KRW-META']
2021-01-22 09:00:00,4118944.7206930006,KRW-META,,['KRW-META']
2021-01-23 09:00:00,4118944.7206930006,KRW-META,,['KRW-META']
2021-01-24 09:00:00,4118944.7206930006,KRW-META,,"['KRW-GRS', 'KRW-META']"
2021-01-25 09:00:00,4118944.7206930006,KRW-META,,['KRW-META']
2021-01-26 09:00:00,4118944.7206930006,KRW-META,,"['KRW-GRS', 'KRW-META']"
2021-01-27 09:00:00,4118944.7206930006,KRW-META,,['KRW-META']
2021-01-28 09:00:00,4118944.7206930006,KRW-META,,"['KRW-GRS', 'KRW-META']"
2021-01-29 09:00:00,4118944.7206930006,KRW-META,,"['KRW-GRS', 'KRW-META']"
2021-01-30 09:00:00,4118944.7206930006,KRW-META,,['KRW-META']
2021-01-31 09:00:00,4118944.7206930006,KRW-META,,"['KRW-STRAX', 'KRW-META']"
2021-02-01 09:00:00,4118944.7206930006,KRW-META,,['KRW-META']
2021-02-02 09:00:00,4118944.7206930006,KRW-META,,"['KRW-AHT', 'KRW-META']"
2021-02-03 09:00:00,4118944.7206930006,KRW-META,,"['KRW-AHT', 'KRW-STRAX', 'KRW-META']"
2021-02-04 09:00:00,4118944.7206930006,KRW-META,,"['KRW-AHT', 'KRW-STRAX', 'KRW-META']"
2021-02-05 09:00:00,4118944.7206930006,KRW-META,,"['KRW-SBD', 'KRW-META']"
2021-02-06 09:00:00,4118944.7206930006,KRW-META,,['KRW-META']
2021-02-07 09:00:00,4118944.7206930006,KRW-META,,['KRW-META']
2021-02-08 09:00:00,4118944.7206930006,KRW-META,,"['KRW-SBD', 'KRW-AHT', 'KRW-META']"
2021-02-09 09:00:00,4118944.7206930006,KRW-META,,"['KRW-SBD', 'KRW-META']"
2021-02-10 09:00:00,4530839.192762301,,surplus sell,['KRW-FCT2']
2021-02-11 09:00:00,4530839.192762301,KRW-MLK,buy,['KRW-MLK']
2021-02-12 09:00:00,4530839.192762301,KRW-MLK,,"['KRW-MLK', 'KRW-PLA']"
2021-02-13 09:00:00,4988743.153732959,,surplus sell,['KRW-PLA']
2021-02-14 09:00:00,4988743.153732959,,,[]
2021-02-15 09:00:00,4988743.153732959,,,[]
2021-02-16 09:00:00,4988743.153732959,KRW-PLA,buy,['KRW-PLA']
2021-02-17 09:00:00,5471524.7492555035,,surplus sell,[]
2021-02-18 09:00:00,5471524.7492555035,,,[]
2021-02-19 09:00:00,5471524.7492555035,,,[]
2021-02-20 09:00:00,5471524.7492555035,,,[]
2021-02-21 09:00:00,5471524.7492555035,,,[]
2021-02-22 09:00:00,5471524.7492555035,,,[]
2021-02-23 09:00:00,5471524.7492555035,,,[]
2021-02-24 09:00:00,5471524.7492555035,,,[]
2021-02-25 09:00:00,5471524.7492555035,,,[]
2021-02-26 09:00:00,5471524.7492555035,,,[]
2021-02-27 09:00:00,5471524.7492555035,,,[]
2021-02-28 09:00:00,5471524.7492555035,,,[]
2021-03-01 09:00:00,5471524.7492555035,KRW-MOC,buy,"['KRW-LSK', 'KRW-MOC', 'KRW-TON', 'KRW-AQT']"
2021-03-02 09:00:00,7197501.662028784,,surplus sell,[]
2021-03-03 09:00:00,7197501.662028784,KRW-ANKR,buy,"['KRW-UPP', 'KRW-ANKR']"
2021-03-04 09:00:00,8029470.940166519,,surplus sell,['KRW-ONG']
2021-03-05 09:00:00,8029470.940166519,,,[]
2021-03-06 09:00:00,8029470.940166519,KRW-AQT,buy,['KRW-AQT']
2021-03-07 09:00:00,8029470.940166519,KRW-AQT,,"['KRW-BAT', 'KRW-HIVE', 'KRW-AQT']"
2021-03-08 09:00:00,8029470.940166519,KRW-AQT,,"['KRW-BAT', 'KRW-AQT']"
2021-03-09 09:00:00,8029470.940166519,KRW-AQT,,"['KRW-HIVE', 'KRW-CRO', 'KRW-AQT']"
2021-03-10 09:00:00,8819707.928772032,,surplus sell,"['KRW-HIVE', 'KRW-CRO']"
2021-03-11 09:00:00,8819707.928772032,KRW-CRO,buy,['KRW-CRO']
2021-03-12 09:00:00,8819707.928772032,KRW-CRO,,['KRW-CRO']
2021-03-13 09:00:00,8819707.928772032,KRW-CRO,,['KRW-CRO']
2021-03-14 09:00:00,8819707.928772032,KRW-CRO,,['KRW-CRO']
2021-03-15 09:00:00,8819707.928772032,KRW-CRO,,['KRW-CRO']
2021-03-16 09:00:00,10364172.911690636,,surplus sell,[]
2021-03-17 09:00:00,10364172.911690636,,,[]
2021-03-18 09:00:00,10364172.911690636,,,[]
2021-03-19 09:00:00,10364172.911690636,,,[]
2021-03-20 09:00:00,10364172.911690636,,,[]
2021-03-21 09:00:00,10364172.911690636,,,[]
2021-03-22 09:00:00,10364172.911690636,,,[]
2021-03-23 09:00:00,10364172.911690636,KRW-STRAX,buy,['KRW-STRAX']
2021-03-24 09:00:00,10364172.911690636,KRW-STRAX,,['KRW-STRAX']
2021-03-25 09:00:00,10364172.911690636,KRW-STRAX,,['KRW-STRAX']
2021-03-26 09:00:00,10364172.911690636,KRW-STRAX,,['KRW-STRAX']
2021-03-27 09:00:00,10364172.911690636,KRW-STRAX,,['KRW-STRAX']
2021-03-28 09:00:00,12162039.641269624,,surplus sell,[]
2021-03-29 09:00:00,12162039.641269624,,,[]
2021-03-30 09:00:00,12162039.641269624,,,[]
2021-03-31 09:00:00,12162039.641269624,,,[]
2021-04-01 09:00:00,12162039.641269624,,,[]
2021-04-02 09:00:00,12162039.641269624,,,[]
2021-04-03 09:00:00,12162039.641269624,,,[]
2021-04-04 09:00:00,12162039.641269624,KRW-DOGE,buy,['KRW-DOGE']
2021-04-05 09:00:00,13624142.767542474,,surplus sell,[]
2021-04-06 09:00:00,13624142.767542474,,,[]
2021-04-07 09:00:00,13624142.767542474,,,[]
2021-04-08 09:00:00,13624142.767542474,KRW-HIVE,buy,['KRW-HIVE']
2021-04-09 09:00:00,15914480.735880889,,surplus sell,[]
2021-04-10 09:00:00,15914480.735880889,,,[]
2021-04-11 09:00:00,15914480.735880889,,,[]
2021-04-12 09:00:00,15914480.735880889,,,[]
2021-04-13 09:00:00,15914480.735880889,,,[]
2021-04-14 09:00:00,15914480.735880889,,,[]
2021-04-15 09:00:00,15914480.735880889,,,[]
2021-04-16 09:00:00,15914480.735880889,,,[]
2021-04-17 09:00:00,15914480.735880889,,,[]
2021-04-18 09:00:00,15914480.735880889,,,[]
2021-04-19 09:00:00,15914480.735880889,,,[]
2021-04-20 09:00:00,15914480.735880889,,,[]
2021-04-21 09:00:00,15914480.735880889,,,[]
2021-04-22 09:00:00,15914480.735880889,,,[]
2021-04-23 09:00:00,15914480.735880889,,,[]
2021-04-24 09:00:00,15914480.735880889,,,[]
2021-04-25 09:00:00,15914480.735880889,,,[]
2021-04-26 09:00:00,15914480.735880889,,,[]
2021-04-27 09:00:00,15914480.735880889,KRW-STPT,buy,['KRW-STPT']
2021-04-28 09:00:00,15914480.735880889,KRW-STPT,,['KRW-STPT']
2021-04-29 09:00:00,15914480.735880889,KRW-STPT,,['KRW-STPT']
2021-04-30 09:00:00,15914480.735880889,KRW-STPT,,['KRW-STPT']
2021-05-01 09:00:00,15914480.735880889,KRW-STPT,,['KRW-STPT']
2021-05-02 09:00:00,15914480.735880889,KRW-STPT,,['KRW-STPT']
2021-05-03 09:00:00,15914480.735880889,KRW-STPT,,['KRW-STPT']
2021-05-04 09:00:00,18515886.240784496,,surplus sell,[]
2021-05-05 09:00:00,18515886.240784496,KRW-KAVA,buy,['KRW-KAVA']
2021-05-06 09:00:00,20552383.85026349,,surplus sell,[]
2021-05-07 09:00:00,20552383.85026349,,,[]
2021-05-08 09:00:00,20552383.85026349,,,[]
2021-05-09 09:00:00,20552383.85026349,,,[]
2021-05-10 09:00:00,20552383.85026349,,,[]
2021-05-11 09:00:00,20552383.85026349,,,[]
2021-05-12 09:00:00,20552383.85026349,,,[]
2021-05-13 09:00:00,20552383.85026349,KRW-XLM,buy,['KRW-XLM']
2021-05-14 09:00:00,20552383.85026349,KRW-XLM,,['KRW-XLM']
2021-05-15 09:00:00,23071547.404725403,,surplus sell,[]
2021-05-16 09:00:00,23071547.404725403,KRW-IQ,buy,['KRW-IQ']
2021-05-17 09:00:00,23071547.404725403,KRW-IQ,,['KRW-IQ']
2021-05-18 09:00:00,23071547.404725403,KRW-IQ,,['KRW-IQ']
2021-05-19 09:00:00,23071547.404725403,KRW-IQ,,['KRW-IQ']
2021-05-20 09:00:00,16045644.0798296,,deficit sell,[]
2021-05-21 09:00:00,16045644.0798296,KRW-CBK,buy,['KRW-CBK']
2021-05-22 09:00:00,18395554.53539174,,surplus sell,[]
2021-05-23 09:00:00,18395554.53539174,,,[]
2021-05-24 09:00:00,18395554.53539174,,,[]
2021-05-25 09:00:00,18395554.53539174,,,[]
2021-05-26 09:00:00,18395554.53539174,,,[]
2021-05-27 09:00:00,18395554.53539174,,,[]
2021-05-28 09:00:00,18395554.53539174,,,[]
2021-05-29 09:00:00,18395554.53539174,,,[]
2021-05-30 09:00:00,18395554.53539174,,,[]
2021-05-31 09:00:00,18395554.53539174,,,[]
2021-06-01 09:00:00,18395554.53539174,,,[]
2021-06-02 09:00:00,18395554.53539174,,,[]
2021-06-03 09:00:00,18395554.53539174,KRW-STX,buy,['KRW-STX']
2021-06-04 09:00:00,18395554.53539174,KRW-STX,,['KRW-STX']
2021-06-05 09:00:00,18395554.53539174,KRW-STX,,['KRW-STX']
2021-06-06 09:00:00,18395554.53539174,KRW-STX,,"['KRW-STORJ', 'KRW-STX']"
2021-06-07 09:00:00,18395554.53539174,KRW-STX,,['KRW-STX']
2021-06-08 09:00:00,18395554.53539174,KRW-STX,,"['KRW-STRK', 'KRW-STX']"
2021-06-09 09:00:00,18395554.53539174,KRW-STX,,['KRW-ARK']
2021-06-10 09:00:00,18395554.53539174,KRW-STX,,['KRW-STX']
2021-06-11 09:00:00,18395554.53539174,KRW-STX,,['KRW-STX']
2021-06-12 09:00:00,18395554.53539174,KRW-STX,,['KRW-STX']
2021-06-13 09:00:00,18395554.53539174,KRW-STX,,['KRW-STX']
2021-06-14 09:00:00,18395554.53539174,KRW-STX,,"['KRW-GLM', 'KRW-STX', 'KRW-XEC']"
2021-06-15 09:00:00,18395554.53539174,KRW-STX,,"['KRW-GLM', 'KRW-STX']"
2021-06-16 09:00:00,18395554.53539174,KRW-STX,,['KRW-STX']
2021-06-17 09:00:00,18395554.53539174,KRW-STX,,"['KRW-AXS', 'KRW-STX']"
2021-06-18 09:00:00,18395554.53539174,KRW-STX,,['KRW-STX']
2021-06-19 09:00:00,18395554.53539174,KRW-STX,,"['KRW-SBD', 'KRW-STX']"
2021-06-20 09:00:00,18395554.53539174,KRW-STX,,['KRW-STX']
2021-06-21 09:00:00,18395554.53539174,KRW-STX,,['KRW-STX']
2021-06-22 09:00:00,18395554.53539174,KRW-STX,,['KRW-STX']
2021-06-23 09:00:00,18395554.53539174,KRW-STX,,['KRW-STX']
2021-06-24 09:00:00,12611931.627968164,,deficit sell,[]
2021-06-25 09:00:00,12611931.627968164,,,[]
2021-06-26 09:00:00,12611931.627968164,KRW-GRS,buy,['KRW-GRS']
2021-06-27 09:00:00,15045813.170207633,,surplus sell,['KRW-XEC']
2021-06-28 09:00:00,15045813.170207633,,,[]
2021-06-29 09:00:00,15045813.170207633,KRW-AXS,buy,['KRW-AXS']
2021-06-30 09:00:00,16611028.973293899,,surplus sell,['KRW-GLM']
2021-07-01 09:00:00,16611028.973293899,,,[]
2021-07-02 09:00:00,16611028.973293899,,,[]
2021-07-03 09:00:00,16611028.973293899,KRW-AERGO,buy,"['KRW-ONG', 'KRW-AERGO']"
2021-07-04 09:00:00,16611028.973293899,KRW-AERGO,,"['KRW-ONG', 'KRW-AERGO']"
2021-07-05 09:00:00,16611028.973293899,KRW-AERGO,,['KRW-HUNT']
2021-07-06 09:00:00,16611028.973293899,KRW-AERGO,,['KRW-AERGO']
2021-07-07 09:00:00,16611028.973293899,KRW-AERGO,,['KRW-AERGO']
2021-07-08 09:00:00,16611028.973293899,KRW-AERGO,,['KRW-AERGO']
2021-07-09 09:00:00,16611028.973293899,KRW-AERGO,,['KRW-STEEM']
2021-07-10 09:00:00,16611028.973293899,KRW-AERGO,,['KRW-STEEM']
2021-07-11 09:00:00,16611028.973293899,KRW-AERGO,,['KRW-HUNT']
2021-07-12 09:00:00,16611028.973293899,KRW-AERGO,,['KRW-HUNT']
2021-07-13 09:00:00,16611028.973293899,KRW-AERGO,,"['KRW-QKC', 'KRW-AERGO']"
2021-07-14 09:00:00,16611028.973293899,KRW-AERGO,,['KRW-AERGO']
2021-07-15 09:00:00,18418446.63360049,,surplus sell,[]
2021-07-16 09:00:00,18418446.63360049,KRW-GLM,buy,"['KRW-ONG', 'KRW-GLM']"
2021-07-17 09:00:00,18418446.63360049,KRW-GLM,,['KRW-GLM']
2021-07-18 09:00:00,18418446.63360049,KRW-GLM,,['KRW-GLM']
2021-07-19 09:00:00,18418446.63360049,KRW-GLM,,['KRW-GLM']
2021-07-20 09:00:00,18418446.63360049,KRW-GLM,,['KRW-GLM']
2021-07-21 09:00:00,18418446.63360049,KRW-GLM,,['KRW-GLM']
2021-07-22 09:00:00,18418446.63360049,KRW-GLM,,['KRW-STEEM']
2021-07-23 09:00:00,18418446.63360049,KRW-GLM,,['KRW-STEEM']
2021-07-24 09:00:00,18418446.63360049,KRW-GLM,,"['KRW-STEEM', 'KRW-HUNT']"
2021-07-25 09:00:00,18418446.63360049,KRW-GLM,,['KRW-HUNT']
2021-07-26 09:00:00,18418446.63360049,KRW-GLM,,['KRW-HUNT']
2021-07-27 09:00:00,18418446.63360049,KRW-GLM,,"['KRW-LSK', 'KRW-ONG', 'KRW-CRE', 'KRW-ORBS', 'KRW-GLM', 'KRW-XEC']"
2021-07-28 09:00:00,20293954.254254322,,surplus sell,"['KRW-ONG', 'KRW-QKC', 'KRW-ORBS']"
2021-07-29 09:00:00,20293954.254254322,KRW-QKC,buy,"['KRW-IOTA', 'KRW-ONG', 'KRW-QKC']"
2021-07-30 09:00:00,20293954.254254322,KRW-QKC,,"['KRW-IOTA', 'KRW-BSV', 'KRW-QKC', 'KRW-STRAX']"
2021-07-31 09:00:00,22372847.129080378,,surplus sell,"['KRW-STRAX', 'KRW-AQT']"
2021-08-01 09:00:00,22372847.129080378,,,[]
2021-08-02 09:00:00,22372847.129080378,KRW-HIVE,buy,['KRW-HIVE']
2021-08-03 09:00:00,22372847.129080378,KRW-HIVE,,['KRW-HIVE']
2021-08-04 09:00:00,22372847.129080378,KRW-HIVE,,['KRW-HIVE']
2021-08-05 09:00:00,22372847.129080378,KRW-HIVE,,['KRW-HIVE']
2021-08-06 09:00:00,22372847.129080378,KRW-HIVE,,['KRW-HIVE']
2021-08-07 09:00:00,22372847.129080378,KRW-HIVE,,['KRW-HIVE']
2021-08-08 09:00:00,24910943.231959246,,surplus sell,[]
2021-08-09 09:00:00,24910943.231959246,KRW-BSV,buy,['KRW-BSV']
2021-08-10 09:00:00,24910943.231959246,KRW-BSV,,['KRW-BSV']
2021-08-11 09:00:00,24910943.231959246,KRW-BSV,,['KRW-BSV']
2021-08-12 09:00:00,24910943.231959246,KRW-BSV,,['KRW-BSV']
2021-08-13 09:00:00,24910943.231959246,KRW-BSV,,['KRW-BSV']
2021-08-14 09:00:00,24910943.231959246,KRW-BSV,,['KRW-BSV']
2021-08-15 09:00:00,27225533.856678013,,surplus sell,[]
2021-08-16 09:00:00,27225533.856678013,,,[]
2021-08-17 09:00:00,27225533.856678013,,,[]
2021-08-18 09:00:00,27225533.856678013,KRW-WAVES,buy,['KRW-WAVES']
2021-08-19 09:00:00,27225533.856678013,KRW-WAVES,,"['KRW-WAVES', 'KRW-ARDR', 'KRW-ARK', 'KRW-POWR']"
2021-08-20 09:00:00,27225533.856678013,KRW-WAVES,,['KRW-WAVES']
2021-08-21 09:00:00,30063793.288885277,,surplus sell,[]
2021-08-22 09:00:00,30063793.288885277,,,[]
2021-08-23 09:00:00,30063793.288885277,,,[]
2021-08-24 09:00:00,30063793.288885277,,,[]
2021-08-25 09:00:00,30063793.288885277,,,[]
2021-08-26 09:00:00,30063793.288885277,,,[]
2021-08-27 09:00:00,30063793.288885277,KRW-AERGO,buy,"['KRW-ONG', 'KRW-AERGO', 'KRW-ORBS']"
2021-08-28 09:00:00,30063793.288885277,KRW-AERGO,,"['KRW-ONG', 'KRW-AERGO']"
2021-08-29 09:00:00,30063793.288885277,KRW-AERGO,,['KRW-AERGO']
2021-08-30 09:00:00,30063793.288885277,KRW-AERGO,,['KRW-AERGO']
2021-08-31 09:00:00,30063793.288885277,KRW-AERGO,,"['KRW-LOOM', 'KRW-AERGO']"
2021-09-01 09:00:00,30063793.288885277,KRW-AERGO,,"['KRW-LOOM', 'KRW-AERGO']"
2021-09-02 09:00:00,30063793.288885277,KRW-AERGO,,"['KRW-SBD', 'KRW-ONG', 'KRW-AERGO']"
2021-09-03 09:00:00,32994199.13292825,,surplus sell,"['KRW-SBD', 'KRW-ONG']"
2021-09-04 09:00:00,32994199.13292825,,,[]
2021-09-05 09:00:00,32994199.13292825,,,[]
2021-09-06 09:00:00,32994199.13292825,,,[]
2021-09-07 09:00:00,32994199.13292825,,,[]
2021-09-08 09:00:00,32994199.13292825,KRW-ONG,buy,['KRW-ONG']
2021-09-09 09:00:00,32994199.13292825,KRW-ONG,,"['KRW-ONG', 'KRW-AHT']"
2021-09-10 09:00:00,32994199.13292825,KRW-ONG,,['KRW-ONG']
2021-09-11 09:00:00,32994199.13292825,KRW-ONG,,['KRW-ONG']
2021-09-12 09:00:00,32994199.13292825,KRW-ONG,,['KRW-ONG']
2021-09-13 09:00:00,32994199.13292825,KRW-ONG,,['KRW-ONG']
2021-09-14 09:00:00,32994199.13292825,KRW-ONG,,['KRW-ONG']
2021-09-15 09:00:00,32994199.13292825,KRW-ONG,,['KRW-ONG']
2021-09-16 09:00:00,32994199.13292825,KRW-ONG,,"['KRW-ONG', 'KRW-AHT', 'KRW-TON']"
2021-09-17 09:00:00,32994199.13292825,KRW-ONG,,"['KRW-ONG', 'KRW-GAS']"
2021-09-18 09:00:00,32994199.13292825,KRW-ONG,,"['KRW-ONG', 'KRW-AHT']"
2021-09-19 09:00:00,32994199.13292825,KRW-ONG,,"['KRW-MTL', 'KRW-RFR', 'KRW-ONG']"
2021-09-20 09:00:00,32994199.13292825,KRW-ONG,,['KRW-ONG']
2021-09-21 09:00:00,32994199.13292825,KRW-ONG,,['KRW-ONG']
2021-09-22 09:00:00,32994199.13292825,KRW-ONG,,['KRW-ONG']
2021-09-23 09:00:00,32994199.13292825,KRW-ONG,,['KRW-ONG']
2021-09-24 09:00:00,32994199.13292825,KRW-ONG,,['KRW-ONG']
2021-09-25 09:00:00,32994199.13292825,KRW-ONG,,['KRW-ONG']
2021-09-26 09:00:00,32994199.13292825,KRW-ONG,,['KRW-ONG']
2021-09-27 09:00:00,32994199.13292825,KRW-ONG,,['KRW-ONG']
2021-09-28 09:00:00,32994199.13292825,KRW-ONG,,['KRW-ONG']
2021-09-29 09:00:00,32994199.13292825,KRW-ONG,,['KRW-ONG']
2021-09-30 09:00:00,32994199.13292825,KRW-ONG,,['KRW-ONG']
2021-10-01 09:00:00,32994199.13292825,KRW-ONG,,['KRW-ONG']
2021-10-02 09:00:00,36713545.2170038,,surplus sell,[]
2021-10-03 09:00:00,36713545.2170038,KRW-HUNT,buy,['KRW-HUNT']
2021-10-04 09:00:00,36713545.2170038,KRW-HUNT,,['KRW-QKC']
2021-10-05 09:00:00,36713545.2170038,KRW-HUNT,,['KRW-QKC']
2021-10-06 09:00:00,41268672.2481697,,surplus sell,"['KRW-AHT', 'KRW-STRK']"
2021-10-07 09:00:00,41268672.2481697,,,[]
2021-10-08 09:00:00,41268672.2481697,KRW-STEEM,buy,['KRW-STEEM']
2021-10-09 09:00:00,41268672.2481697,KRW-STEEM,,['KRW-STEEM']
2021-10-10 09:00:00,41268672.2481697,KRW-STEEM,,['KRW-STEEM']
2021-10-11 09:00:00,41268672.2481697,KRW-STEEM,,['KRW-STEEM']
2021-10-12 09:00:00,41268672.2481697,KRW-STEEM,,['KRW-STEEM']
2021-10-13 09:00:00,41268672.2481697,KRW-STEEM,,['KRW-STEEM']
2021-10-14 09:00:00,41268672.2481697,KRW-STEEM,,['KRW-STEEM']
2021-10-15 09:00:00,41268672.2481697,KRW-STEEM,,['KRW-STEEM']
2021-10-16 09:00:00,41268672.2481697,KRW-STEEM,,['KRW-STEEM']
2021-10-17 09:00:00,41268672.2481697,KRW-STEEM,,['KRW-STEEM']
2021-10-18 09:00:00,41268672.2481697,KRW-STEEM,,['KRW-STEEM']
2021-10-19 09:00:00,36957804.5738386,,deficit sell,"['KRW-ARK', 'KRW-RFR']"
2021-10-20 09:00:00,36957804.5738386,KRW-ANKR,buy,"['KRW-ARK', 'KRW-GAS', 'KRW-ANKR']"
2021-10-21 09:00:00,36957804.5738386,KRW-ANKR,,['KRW-ANKR']
2021-10-22 09:00:00,36957804.5738386,KRW-ANKR,,"['KRW-ARK', 'KRW-RFR', 'KRW-GAS', 'KRW-ANKR']"
2021-10-23 09:00:00,36957804.5738386,KRW-ANKR,,['KRW-ANKR']
2021-10-24 09:00:00,36957804.5738386,KRW-ANKR,,"['KRW-ANKR', 'KRW-HIVE']"
2021-10-25 09:00:00,36957804.5738386,KRW-ANKR,,"['KRW-ANKR', 'KRW-STRAX']"
2021-10-26 09:00:00,36957804.5738386,KRW-ANKR,,['KRW-ANKR']
2021-10-27 09:00:00,36957804.5738386,KRW-ANKR,,['KRW-ANKR']
2021-10-28 09:00:00,36957804.5738386,KRW-ANKR,,['KRW-ANKR']
2021-10-29 09:00:00,36957804.5738386,KRW-ANKR,,['KRW-AXS']
2021-10-30 09:00:00,41926921.15519505,,surplus sell,[]
2021-10-31 09:00:00,41926921.15519505,KRW-STEEM,buy,"['KRW-STEEM', 'KRW-STRAX']"
2021-11-01 09:00:00,41926921.15519505,KRW-STEEM,,['KRW-STEEM']
2021-11-02 09:00:00,41926921.15519505,KRW-STEEM,,['KRW-GLM']
2021-11-03 09:00:00,41926921.15519505,KRW-STEEM,,['KRW-AXS']
2021-11-04 09:00:00,46433352.13650173,,surplus sell,"['KRW-POWR', 'KRW-STRAX']"
2021-11-05 09:00:00,46433352.13650173,KRW-STORJ,buy,['KRW-STORJ']
2021-11-06 09:00:00,46433352.13650173,KRW-STORJ,,"['KRW-STORJ', 'KRW-STRAX']"
2021-11-07 09:00:00,46433352.13650173,KRW-STORJ,,['KRW-STORJ']
2021-11-08 09:00:00,46433352.13650173,KRW-STORJ,,"['KRW-STORJ', 'KRW-STRAX']"
2021-11-09 09:00:00,46433352.13650173,KRW-STORJ,,['KRW-POWR']
2021-11-10 09:00:00,46433352.13650173,KRW-STORJ,,['KRW-STORJ']
2021-11-11 09:00:00,46433352.13650173,KRW-STORJ,,['KRW-STORJ']
2021-11-12 09:00:00,46433352.13650173,KRW-STORJ,,['KRW-STORJ']
2021-11-13 09:00:00,50911695.7435755,,surplus sell,['KRW-HIVE']
2021-11-14 09:00:00,50911695.7435755,KRW-HIVE,buy,['KRW-HIVE']
2021-11-15 09:00:00,57030889.94352448,,surplus sell,['KRW-STRAX']
2021-11-16 09:00:00,57030889.94352448,KRW-ARDR,buy,['KRW-ARDR']
2021-11-17 09:00:00,57030889.94352448,KRW-ARDR,,"['KRW-ARDR', 'KRW-RFR', 'KRW-HBAR', 'KRW-MVL', 'KRW-CBK']"
2021-11-18 09:00:00,63756230.73875143,,surplus sell,[]
2021-11-19 09:00:00,63756230.73875143,KRW-LSK,buy,['KRW-LSK']
2021-11-20 09:00:00,63756230.73875143,KRW-LSK,,"['KRW-LSK', 'KRW-RFR', 'KRW-MVL', 'KRW-AQT']"
2021-11-21 09:00:00,63756230.73875143,KRW-LSK,,['KRW-LSK']
2021-11-22 09:00:00,63756230.73875143,KRW-LSK,,['KRW-LSK']
2021-11-23 09:00:00,63756230.73875143,KRW-LSK,,"['KRW-LSK', 'KRW-POLYX', 'KRW-RFR', 'KRW-AQT']"
2021-11-24 09:00:00,63756230.73875143,KRW-LSK,,"['KRW-LSK', 'KRW-RFR', 'KRW-MVL']"
2021-11-25 09:00:00,63756230.73875143,KRW-LSK,,['KRW-STRAX']
2021-11-26 09:00:00,70751428.46870849,,surplus sell,"['KRW-ARK', 'KRW-POLYX']"
2021-11-27 09:00:00,70751428.46870849,KRW-STRAX,buy,['KRW-STRAX']
2021-11-28 09:00:00,70751428.46870849,KRW-STRAX,,['KRW-STRAX']
2021-11-29 09:00:00,70751428.46870849,KRW-STRAX,,['KRW-STRAX']
2021-11-30 09:00:00,70751428.46870849,KRW-STRAX,,['KRW-STRAX']
2021-12-01 09:00:00,70751428.46870849,KRW-STRAX,,['KRW-STRAX']
2021-12-02 09:00:00,70751428.46870849,KRW-STRAX,,['KRW-STRAX']
2021-12-03 09:00:00,70751428.46870849,KRW-STRAX,,['KRW-STRAX']
2021-12-04 09:00:00,70751428.46870849,KRW-STRAX,,['KRW-STRAX']
2021-12-05 09:00:00,50137760.399817854,,deficit sell,[]
2021-12-06 09:00:00,50137760.399817854,,,[]
2021-12-07 09:00:00,50137760.399817854,,,[]
2021-12-08 09:00:00,50137760.399817854,,,[]
2021-12-09 09:00:00,50137760.399817854,,,[]
2021-12-10 09:00:00,50137760.399817854,,,[]
2021-12-11 09:00:00,50137760.399817854,,,[]
2021-12-12 09:00:00,50137760.399817854,,,[]
2021-12-13 09:00:00,50137760.399817854,,,[]
2021-12-14 09:00:00,50137760.399817854,,,[]
2021-12-15 09:00:00,50137760.399817854,,,[]
2021-12-16 09:00:00,50137760.399817854,,,[]
2021-12-17 09:00:00,50137760.399817854,KRW-AQT,buy,['KRW-AQT']
2021-12-18 09:00:00,50137760.399817854,KRW-AQT,,['KRW-AQT']
2021-12-19 09:00:00,50137760.399817854,KRW-AQT,,['KRW-AQT']
2021-12-20 09:00:00,50137760.399817854,KRW-AQT,,['KRW-AQT']
2021-12-21 09:00:00,50137760.399817854,KRW-AQT,,['KRW-AQT']
2021-12-22 09:00:00,50137760.399817854,KRW-AQT,,['KRW-AQT']
2021-12-23 09:00:00,50137760.399817854,KRW-AQT,,['KRW-PUNDIX']
2021-12-24 09:00:00,50137760.399817854,KRW-AQT,,['KRW-PUNDIX']
2021-12-25 09:00:00,54965841.03091142,,surplus sell,[]
2021-12-26 09:00:00,54965841.03091142,,,[]
2021-12-27 09:00:00,54965841.03091142,,,[]
2021-12-28 09:00:00,54965841.03091142,,,[]
2021-12-29 09:00:00,54965841.03091142,,,[]
2021-12-30 09:00:00,54965841.03091142,,,[]
2021-12-31 09:00:00,54965841.03091142,,,[]
2022-01-01 09:00:00,54965841.03091142,,,[]
2022-01-02 09:00:00,54965841.03091142,KRW-QKC,buy,"['KRW-QKC', 'KRW-AHT', 'KRW-FCT2']"
2022-01-03 09:00:00,54965841.03091142,KRW-QKC,,['KRW-QKC']
2022-01-04 09:00:00,62931904.948434815,,surplus sell,[]
2022-01-05 09:00:00,62931904.948434815,,,[]
2022-01-06 09:00:00,62931904.948434815,,,[]
2022-01-07 09:00:00,62931904.948434815,,,[]
2022-01-08 09:00:00,62931904.948434815,,,[]
2022-01-09 09:00:00,62931904.948434815,,,[]
2022-01-10 09:00:00,62931904.948434815,,,[]
2022-01-11 09:00:00,62931904.948434815,,,[]
2022-01-12 09:00:00,62931904.948434815,KRW-REP,buy,['KRW-REP']
2022-01-13 09:00:00,62931904.948434815,KRW-REP,,['KRW-REP']
2022-01-14 09:00:00,62931904.948434815,KRW-REP,,"['KRW-SNT', 'KRW-REP']"
2022-01-15 09:00:00,62931904.948434815,KRW-REP,,['KRW-REP']
2022-01-16 09:00:00,62931904.948434815,KRW-REP,,"['KRW-REP', 'KRW-ONG']"
2022-01-17 09:00:00,62931904.948434815,KRW-REP,,['KRW-REP']
2022-01-18 09:00:00,62931904.948434815,KRW-REP,,['KRW-REP']
2022-01-19 09:00:00,62931904.948434815,KRW-REP,,['KRW-REP']
2022-01-20 09:00:00,62931904.948434815,KRW-REP,,['KRW-REP']
2022-01-21 09:00:00,62931904.948434815,KRW-REP,,['KRW-REP']
2022-01-22 09:00:00,62931904.948434815,KRW-REP,,['KRW-REP']
2022-01-23 09:00:00,62931904.948434815,KRW-REP,,['KRW-REP']
2022-01-24 09:00:00,62931904.948434815,KRW-REP,,['KRW-REP']
2022-01-25 09:00:00,62931904.948434815,KRW-REP,,['KRW-REP']
2022-01-26 09:00:00,62931904.948434815,KRW-REP,,['KRW-REP']
2022-01-27 09:00:00,62931904.948434815,KRW-REP,,['KRW-REP']
2022-01-28 09:00:00,62931904.948434815,KRW-REP,,['KRW-REP']
2022-01-29 09:00:00,62931904.948434815,KRW-REP,,['KRW-REP']
2022-01-30 09:00:00,62931904.948434815,KRW-REP,,['KRW-REP']
2022-01-31 09:00:00,62931904.948434815,KRW-REP,,['KRW-REP']
2022-02-01 09:00:00,49392286.22822163,,deficit sell,[]
2022-02-02 09:00:00,49392286.22822163,,,[]
2022-02-03 09:00:00,49392286.22822163,KRW-AERGO,buy,['KRW-AERGO']
2022-02-04 09:00:00,49392286.22822163,KRW-AERGO,,['KRW-ONG']
2022-02-05 09:00:00,54515967.37222803,,surplus sell,"['KRW-WAVES', 'KRW-POLYX', 'KRW-ELF', 'KRW-ORBS']"
2022-02-06 09:00:00,54515967.37222803,KRW-POLYX,buy,['KRW-POLYX']
2022-02-07 09:00:00,54515967.37222803,KRW-POLYX,,['KRW-POLYX']
2022-02-08 09:00:00,54515967.37222803,KRW-POLYX,,['KRW-POLYX']
2022-02-09 09:00:00,54515967.37222803,KRW-POLYX,,"['KRW-POLYX', 'KRW-ELF']"
2022-02-10 09:00:00,54515967.37222803,KRW-POLYX,,['KRW-POLYX']
2022-02-11 09:00:00,54515967.37222803,KRW-POLYX,,['KRW-POLYX']
2022-02-12 09:00:00,54515967.37222803,KRW-POLYX,,['KRW-POLYX']
2022-02-13 09:00:00,54515967.37222803,KRW-POLYX,,['KRW-POLYX']
2022-02-14 09:00:00,54515967.37222803,KRW-POLYX,,['KRW-POLYX']
2022-02-15 09:00:00,54515967.37222803,KRW-POLYX,,['KRW-POLYX']
2022-02-16 09:00:00,54515967.37222803,KRW-POLYX,,['KRW-POLYX']
2022-02-17 09:00:00,54515967.37222803,KRW-POLYX,,['KRW-POLYX']
2022-02-18 09:00:00,54515967.37222803,KRW-POLYX,,['KRW-POLYX']
2022-02-19 09:00:00,54515967.37222803,KRW-POLYX,,['KRW-POLYX']
2022-02-20 09:00:00,54515967.37222803,KRW-POLYX,,['KRW-POLYX']
2022-02-21 09:00:00,54515967.37222803,KRW-POLYX,,['KRW-POLYX']
2022-02-22 09:00:00,54515967.37222803,KRW-POLYX,,['KRW-POLYX']
2022-02-23 09:00:00,54515967.37222803,KRW-POLYX,,['KRW-POLYX']
2022-02-24 09:00:00,54515967.37222803,KRW-POLYX,,['KRW-POLYX']
2022-02-25 09:00:00,41854194.3051299,,deficit sell,"['KRW-REP', 'KRW-STPT', 'KRW-HUNT']"
2022-02-26 09:00:00,41854194.3051299,KRW-STPT,buy,"['KRW-REP', 'KRW-STPT']"
2022-02-27 09:00:00,41854194.3051299,KRW-STPT,,"['KRW-ONT', 'KRW-STPT']"
2022-02-28 09:00:00,41854194.3051299,KRW-STPT,,['KRW-ELF']
2022-03-01 09:00:00,41854194.3051299,KRW-STPT,,['KRW-STPT']
2022-03-02 09:00:00,47279738.01135044,,surplus sell,[]
2022-03-03 09:00:00,47279738.01135044,,,[]
2022-03-04 09:00:00,47279738.01135044,,,[]
2022-03-05 09:00:00,47279738.01135044,KRW-ONT,buy,"['KRW-REP', 'KRW-ONT']"
2022-03-06 09:00:00,47279738.01135044,KRW-ONT,,['KRW-ONT']
2022-03-07 09:00:00,47279738.01135044,KRW-ONT,,['KRW-ONT']
2022-03-08 09:00:00,47279738.01135044,KRW-ONT,,['KRW-ONT']
2022-03-09 09:00:00,47279738.01135044,KRW-ONT,,"['KRW-REP', 'KRW-ONT']"
2022-03-10 09:00:00,47279738.01135044,KRW-ONT,,['KRW-ONT']
2022-03-11 09:00:00,47279738.01135044,KRW-ONT,,['KRW-ONT']
2022-03-12 09:00:00,47279738.01135044,KRW-ONT,,['KRW-ONT']
2022-03-13 09:00:00,47279738.01135044,KRW-ONT,,['KRW-ONT']
2022-03-14 09:00:00,47279738.01135044,KRW-ONT,,"['KRW-ONT', 'KRW-TT', 'KRW-JST']"
2022-03-15 09:00:00,47279738.01135044,KRW-ONT,,"['KRW-ONT', 'KRW-ORBS']"
2022-03-16 09:00:00,47279738.01135044,KRW-ONT,,"['KRW-OMG', 'KRW-ONT']"
2022-03-17 09:00:00,47279738.01135044,KRW-ONT,,"['KRW-ONT', 'KRW-JST']"
2022-03-18 09:00:00,47279738.01135044,KRW-ONT,,"['KRW-OMG', 'KRW-ONT', 'KRW-JST']"
2022-03-19 09:00:00,47279738.01135044,KRW-ONT,,"['KRW-REP', 'KRW-ONT', 'KRW-BSV']"
2022-03-20 09:00:00,47279738.01135044,KRW-ONT,,"['KRW-ONT', 'KRW-GAS', 'KRW-BSV', 'KRW-ORBS']"
2022-03-21 09:00:00,47279738.01135044,KRW-ONT,,['KRW-ONT']
2022-03-22 09:00:00,47279738.01135044,KRW-ONT,,['KRW-ELF']
2022-03-23 09:00:00,47279738.01135044,KRW-ONT,,['KRW-ONT']
2022-03-24 09:00:00,47279738.01135044,KRW-ONT,,['KRW-ONT']
2022-03-25 09:00:00,47279738.01135044,KRW-ONT,,['KRW-ELF']
2022-03-26 09:00:00,47279738.01135044,KRW-ONT,,"['KRW-ONT', 'KRW-POLYX', 'KRW-STRAX', 'KRW-CBK']"
2022-03-27 09:00:00,52445354.303941086,,surplus sell,[]
2022-03-28 09:00:00,52445354.303941086,,,[]
2022-03-29 09:00:00,52445354.303941086,,,[]
2022-03-30 09:00:00,52445354.303941086,,,[]
2022-03-31 09:00:00,52445354.303941086,,,[]
2022-04-01 09:00:00,52445354.303941086,,,[]
2022-04-02 09:00:00,52445354.303941086,,,[]
2022-04-03 09:00:00,52445354.303941086,,,[]
2022-04-04 09:00:00,52445354.303941086,,,[]
2022-04-05 09:00:00,52445354.303941086,KRW-IQ,buy,['KRW-IQ']
2022-04-06 09:00:00,52445354.303941086,KRW-IQ,,['KRW-IQ']
2022-04-07 09:00:00,52445354.303941086,KRW-IQ,,['KRW-ELF']
2022-04-08 09:00:00,52445354.303941086,KRW-IQ,,['KRW-IQ']
2022-04-09 09:00:00,52445354.303941086,KRW-IQ,,['KRW-ELF']
2022-04-10 09:00:00,52445354.303941086,KRW-IQ,,['KRW-IQ']
2022-04-11 09:00:00,52445354.303941086,KRW-IQ,,['KRW-IQ']
2022-04-12 09:00:00,52445354.303941086,KRW-IQ,,"['KRW-REP', 'KRW-IQ', 'KRW-QKC']"
2022-04-13 09:00:00,52445354.303941086,KRW-IQ,,['KRW-ELF']
2022-04-14 09:00:00,52445354.303941086,KRW-IQ,,"['KRW-SNT', 'KRW-IQ']"
2022-04-15 09:00:00,52445354.303941086,KRW-IQ,,['KRW-ELF']
2022-04-16 09:00:00,52445354.303941086,KRW-IQ,,"['KRW-REP', 'KRW-IQ', 'KRW-TT']"
2022-04-17 09:00:00,52445354.303941086,KRW-IQ,,"['KRW-IQ', 'KRW-SSX', 'KRW-PUNDIX']"
2022-04-18 09:00:00,52445354.303941086,KRW-IQ,,"['KRW-IQ', 'KRW-ANKR']"
2022-04-19 09:00:00,52445354.303941086,KRW-IQ,,['KRW-AQT']
2022-04-20 09:00:00,52445354.303941086,KRW-IQ,,"['KRW-POLYX', 'KRW-IQ', 'KRW-QKC']"
2022-04-21 09:00:00,52445354.303941086,KRW-IQ,,['KRW-ELF']
2022-04-22 09:00:00,52445354.303941086,KRW-IQ,,['KRW-ELF']
2022-04-23 09:00:00,52445354.303941086,KRW-IQ,,['KRW-IQ']
2022-04-24 09:00:00,52445354.303941086,KRW-IQ,,"['KRW-REP', 'KRW-IQ', 'KRW-QKC']"
2022-04-25 09:00:00,52445354.303941086,KRW-IQ,,"['KRW-IOST', 'KRW-IQ', 'KRW-ANKR', 'KRW-PUNDIX']"
2022-04-26 09:00:00,52445354.303941086,KRW-IQ,,['KRW-IQ']
2022-04-27 09:00:00,52445354.303941086,KRW-IQ,,['KRW-IQ']
2022-04-28 09:00:00,52445354.303941086,KRW-IQ,,['KRW-IQ']
2022-04-29 09:00:00,52445354.303941086,KRW-IQ,,['KRW-IQ']
2022-04-30 09:00:00,52445354.303941086,KRW-IQ,,['KRW-IQ']
2022-05-01 09:00:00,52445354.303941086,KRW-IQ,,"['KRW-TRX', 'KRW-IQ']"
2022-05-02 09:00:00,52445354.303941086,KRW-IQ,,['KRW-IQ']
2022-05-03 09:00:00,52445354.303941086,KRW-IQ,,['KRW-IQ']
2022-05-04 09:00:00,52445354.303941086,KRW-IQ,,"['KRW-IQ', 'KRW-META']"
2022-05-05 09:00:00,52445354.303941086,KRW-IQ,,['KRW-IQ']
2022-05-06 09:00:00,52445354.303941086,KRW-IQ,,"['KRW-IQ', 'KRW-ALGO']"
2022-05-07 09:00:00,52445354.303941086,KRW-IQ,,['KRW-IQ']
2022-05-08 09:00:00,52445354.303941086,KRW-IQ,,['KRW-IQ']
2022-05-09 09:00:00,52445354.303941086,KRW-IQ,,['KRW-IQ']
2022-05-10 09:00:00,52445354.303941086,KRW-IQ,,['KRW-IQ']
2022-05-11 09:00:00,52445354.303941086,KRW-IQ,,['KRW-IQ']
2022-05-12 09:00:00,52445354.303941086,KRW-IQ,,['KRW-IQ']
2022-05-13 09:00:00,52445354.303941086,KRW-IQ,,['KRW-IQ']
2022-05-14 09:00:00,52445354.303941086,KRW-IQ,,['KRW-IQ']
2022-05-15 09:00:00,52445354.303941086,KRW-IQ,,['KRW-IQ']
2022-05-16 09:00:00,52445354.303941086,KRW-IQ,,['KRW-IQ']
2022-05-17 09:00:00,52445354.303941086,KRW-IQ,,['KRW-IQ']
2022-05-18 09:00:00,52445354.303941086,KRW-IQ,,['KRW-IQ']
2022-05-19 09:00:00,52445354.303941086,KRW-IQ,,['KRW-IQ']
2022-05-20 09:00:00,52445354.303941086,KRW-IQ,,['KRW-IQ']
2022-05-21 09:00:00,52445354.303941086,KRW-IQ,,['KRW-IQ']
2022-05-22 09:00:00,52445354.303941086,KRW-IQ,,"['KRW-IQ', 'KRW-T']"
2022-05-23 09:00:00,52445354.303941086,KRW-IQ,,['KRW-IQ']
2022-05-24 09:00:00,52445354.303941086,KRW-IQ,,"['KRW-IQ', 'KRW-UPP', 'KRW-ORBS', 'KRW-AHT']"
2022-05-25 09:00:00,23660006.430300698,,deficit sell,"['KRW-SBD', 'KRW-ORBS']"
2022-05-26 09:00:00,23660006.430300698,KRW-ORBS,buy,"['KRW-UPP', 'KRW-ORBS']"
2022-05-27 09:00:00,23660006.430300698,KRW-ORBS,,"['KRW-BTG', 'KRW-ORBS']"
2022-05-28 09:00:00,23660006.430300698,KRW-ORBS,,['KRW-ORBS']
2022-05-29 09:00:00,23660006.430300698,KRW-ORBS,,['KRW-BTG']
2022-05-30 09:00:00,23660006.430300698,KRW-ORBS,,['KRW-HIVE']
2022-05-31 09:00:00,23660006.430300698,KRW-ORBS,,['KRW-ORBS']
2022-06-01 09:00:00,26964896.217390317,,surplus sell,['KRW-STRAX']
2022-06-02 09:00:00,26964896.217390317,KRW-ONG,buy,['KRW-ONG']
2022-06-03 09:00:00,26964896.217390317,KRW-ONG,,['KRW-ONG']
2022-06-04 09:00:00,26964896.217390317,KRW-ONG,,['KRW-ONG']
2022-06-05 09:00:00,29240210.61993492,,surplus sell,"['KRW-NEO', 'KRW-STRAX', 'KRW-T']"
2022-06-06 09:00:00,29240210.61993492,KRW-T,buy,['KRW-T']
2022-06-07 09:00:00,29240210.61993492,KRW-T,,['KRW-T']
2022-06-08 09:00:00,31769788.95802313,,surplus sell,['KRW-THETA']
2022-06-09 09:00:00,31769788.95802313,,,[]
2022-06-10 09:00:00,31769788.95802313,,,[]
2022-06-11 09:00:00,31769788.95802313,,,[]
2022-06-12 09:00:00,31769788.95802313,,,[]
2022-06-13 09:00:00,31769788.95802313,,,[]
2022-06-14 09:00:00,31769788.95802313,,,[]
2022-06-15 09:00:00,31769788.95802313,KRW-THETA,buy,['KRW-THETA']
2022-06-16 09:00:00,31769788.95802313,KRW-THETA,,['KRW-THETA']
2022-06-17 09:00:00,31769788.95802313,KRW-THETA,,['KRW-REP']
2022-06-18 09:00:00,31769788.95802313,KRW-THETA,,['KRW-THETA']
2022-06-19 09:00:00,31769788.95802313,KRW-THETA,,['KRW-THETA']
2022-06-20 09:00:00,31769788.95802313,KRW-THETA,,"['KRW-UPP', 'KRW-THETA']"
2022-06-21 09:00:00,31769788.95802313,KRW-THETA,,"['KRW-UPP', 'KRW-THETA', 'KRW-CRO']"
2022-06-22 09:00:00,31769788.95802313,KRW-THETA,,['KRW-REP']
2022-06-23 09:00:00,31769788.95802313,KRW-THETA,,['KRW-REP']
2022-06-24 09:00:00,31769788.95802313,KRW-THETA,,['KRW-THETA']
2022-06-25 09:00:00,34974234.53015803,,surplus sell,[]
2022-06-26 09:00:00,34974234.53015803,,,[]
2022-06-27 09:00:00,34974234.53015803,,,[]
2022-06-28 09:00:00,34974234.53015803,,,[]
2022-06-29 09:00:00,34974234.53015803,KRW-STX,buy,['KRW-STX']
2022-06-30 09:00:00,34974234.53015803,KRW-STX,,['KRW-STX']
2022-07-01 09:00:00,34974234.53015803,KRW-STX,,['KRW-STX']
2022-07-02 09:00:00,34974234.53015803,KRW-STX,,['KRW-STX']
2022-07-03 09:00:00,34974234.53015803,KRW-STX,,['KRW-STX']
2022-07-04 09:00:00,34974234.53015803,KRW-STX,,"['KRW-ARDR', 'KRW-CRO', 'KRW-STX']"
2022-07-05 09:00:00,34974234.53015803,KRW-STX,,['KRW-STX']
2022-07-06 09:00:00,34974234.53015803,KRW-STX,,"['KRW-TON', 'KRW-STX']"
2022-07-07 09:00:00,34974234.53015803,KRW-STX,,"['KRW-ARDR', 'KRW-IQ', 'KRW-TON', 'KRW-STX']"
2022-07-08 09:00:00,34974234.53015803,KRW-STX,,"['KRW-ARDR', 'KRW-STX']"
2022-07-09 09:00:00,34974234.53015803,KRW-STX,,"['KRW-LSK', 'KRW-POWR', 'KRW-DAWN', 'KRW-STX']"
2022-07-10 09:00:00,34974234.53015803,KRW-STX,,['KRW-STX']
2022-07-11 09:00:00,34974234.53015803,KRW-STX,,['KRW-STX']
2022-07-12 09:00:00,34974234.53015803,KRW-STX,,['KRW-STX']
2022-07-13 09:00:00,34974234.53015803,KRW-STX,,"['KRW-UPP', 'KRW-CRO', 'KRW-STX']"
2022-07-14 09:00:00,34974234.53015803,KRW-STX,,"['KRW-UPP', 'KRW-TON', 'KRW-STX']"
2022-07-15 09:00:00,34974234.53015803,KRW-STX,,"['KRW-UPP', 'KRW-TON', 'KRW-STX']"
2022-07-16 09:00:00,34974234.53015803,KRW-STX,,"['KRW-POWR', 'KRW-STX', 'KRW-1INCH']"
2022-07-17 09:00:00,34974234.53015803,KRW-STX,,['KRW-STX']
2022-07-18 09:00:00,34974234.53015803,KRW-STX,,['KRW-HIFI']
2022-07-19 09:00:00,34974234.53015803,KRW-STX,,['KRW-HIFI']
2022-07-20 09:00:00,34974234.53015803,KRW-STX,,['KRW-STX']
2022-07-21 09:00:00,34974234.53015803,KRW-STX,,['KRW-XEM']
2022-07-22 09:00:00,34974234.53015803,KRW-STX,,"['KRW-CRE', 'KRW-STRK', 'KRW-STX']"
2022-07-23 09:00:00,34974234.53015803,KRW-STX,,['KRW-XEM']
2022-07-24 09:00:00,34974234.53015803,KRW-STX,,['KRW-DAWN']
2022-07-25 09:00:00,34974234.53015803,KRW-STX,,['KRW-STX']
2022-07-26 09:00:00,34974234.53015803,KRW-STX,,['KRW-STX']
2022-07-27 09:00:00,34974234.53015803,KRW-STX,,['KRW-HIFI']
2022-07-28 09:00:00,34974234.53015803,KRW-STX,,['KRW-XEM']
2022-07-29 09:00:00,34974234.53015803,KRW-STX,,['KRW-XEM']
2022-07-30 09:00:00,34974234.53015803,KRW-STX,,"['KRW-ZRX', 'KRW-STX']"
2022-07-31 09:00:00,34974234.53015803,KRW-STX,,['KRW-DAWN']
2022-08-01 09:00:00,34974234.53015803,KRW-STX,,['KRW-STX']
2022-08-02 09:00:00,34974234.53015803,KRW-STX,,['KRW-STX']
2022-08-03 09:00:00,38543033.97201088,,surplus sell,['KRW-XEM']
2022-08-04 09:00:00,38543033.97201088,KRW-ZRX,buy,['KRW-ZRX']
2022-08-05 09:00:00,38543033.97201088,KRW-ZRX,,['KRW-ONT']
2022-08-06 09:00:00,38543033.97201088,KRW-ZRX,,['KRW-ZRX']
2022-08-07 09:00:00,38543033.97201088,KRW-ZRX,,['KRW-ZRX']
2022-08-08 09:00:00,38543033.97201088,KRW-ZRX,,['KRW-ZRX']
2022-08-09 09:00:00,38543033.97201088,KRW-ZRX,,['KRW-ZRX']
2022-08-10 09:00:00,38543033.97201088,KRW-ZRX,,['KRW-ONT']
2022-08-11 09:00:00,42346622.85082774,,surplus sell,"['KRW-GRS', 'KRW-LOOM', 'KRW-MBL', 'KRW-MED', 'KRW-DKA', 'KRW-HUNT']"
2022-08-12 09:00:00,42346622.85082774,KRW-MBL,buy,['KRW-MBL']
2022-08-13 09:00:00,42346622.85082774,KRW-MBL,,['KRW-MBL']
2022-08-14 09:00:00,42346622.85082774,KRW-MBL,,['KRW-MBL']
2022-08-15 09:00:00,42346622.85082774,KRW-MBL,,['KRW-MBL']
2022-08-16 09:00:00,42346622.85082774,KRW-MBL,,['KRW-MBL']
2022-08-17 09:00:00,42346622.85082774,KRW-MBL,,['KRW-MBL']
2022-08-18 09:00:00,42346622.85082774,KRW-MBL,,['KRW-MBL']
2022-08-19 09:00:00,42346622.85082774,KRW-MBL,,['KRW-MBL']
2022-08-20 09:00:00,42346622.85082774,KRW-MBL,,"['KRW-MBL', 'KRW-MVL']"
2022-08-21 09:00:00,42346622.85082774,KRW-MBL,,['KRW-DAWN']
2022-08-22 09:00:00,42346622.85082774,KRW-MBL,,"['KRW-MBL', 'KRW-MVL']"
2022-08-23 09:00:00,42346622.85082774,KRW-MBL,,['KRW-MBL']
2022-08-24 09:00:00,42346622.85082774,KRW-MBL,,['KRW-MBL']
2022-08-25 09:00:00,42346622.85082774,KRW-MBL,,['KRW-XEM']
2022-08-26 09:00:00,42346622.85082774,KRW-MBL,,['KRW-MBL']
2022-08-27 09:00:00,42346622.85082774,KRW-MBL,,"['KRW-UPP', 'KRW-MBL']"
2022-08-28 09:00:00,42346622.85082774,KRW-MBL,,['KRW-MBL']
2022-08-29 09:00:00,42346622.85082774,KRW-MBL,,"['KRW-UPP', 'KRW-MBL']"
2022-08-30 09:00:00,42346622.85082774,KRW-MBL,,['KRW-MBL']
2022-08-31 09:00:00,42346622.85082774,KRW-MBL,,['KRW-MBL']
2022-09-01 09:00:00,42346622.85082774,KRW-MBL,,['KRW-MBL']
2022-09-02 09:00:00,42346622.85082774,KRW-MBL,,['KRW-MBL']
2022-09-03 09:00:00,42346622.85082774,KRW-MBL,,['KRW-MBL']
2022-09-04 09:00:00,42346622.85082774,KRW-MBL,,['KRW-MBL']
2022-09-05 09:00:00,42346622.85082774,KRW-MBL,,['KRW-MBL']
2022-09-06 09:00:00,42346622.85082774,KRW-MBL,,['KRW-MBL']
2022-09-07 09:00:00,42346622.85082774,KRW-MBL,,['KRW-MBL']
2022-09-08 09:00:00,42346622.85082774,KRW-MBL,,"['KRW-UPP', 'KRW-MBL']"
2022-09-09 09:00:00,42346622.85082774,KRW-MBL,,['KRW-XEM']
2022-09-10 09:00:00,42346622.85082774,KRW-MBL,,"['KRW-GAS', 'KRW-MBL']"
2022-09-11 09:00:00,42346622.85082774,KRW-MBL,,['KRW-DAWN']
2022-09-12 09:00:00,42346622.85082774,KRW-MBL,,['KRW-DAWN']
2022-09-13 09:00:00,42346622.85082774,KRW-MBL,,['KRW-MBL']
2022-09-14 09:00:00,42346622.85082774,KRW-MBL,,['KRW-MBL']
2022-09-15 09:00:00,42346622.85082774,KRW-MBL,,['KRW-GAS']
2022-09-16 09:00:00,42346622.85082774,KRW-MBL,,"['KRW-STEEM', 'KRW-MBL']"
2022-09-17 09:00:00,42346622.85082774,KRW-MBL,,"['KRW-SNT', 'KRW-MBL']"
2022-09-18 09:00:00,42346622.85082774,KRW-MBL,,['KRW-MBL']
2022-09-19 09:00:00,42346622.85082774,KRW-MBL,,['KRW-MBL']
2022-09-20 09:00:00,42346622.85082774,KRW-MBL,,['KRW-MBL']
2022-09-21 09:00:00,42346622.85082774,KRW-MBL,,['KRW-MBL']
2022-09-22 09:00:00,42346622.85082774,KRW-MBL,,"['KRW-SNT', 'KRW-STEEM', 'KRW-MBL']"
2022-09-23 09:00:00,32534600.48295302,,deficit sell,['KRW-STEEM']
2022-09-24 09:00:00,32534600.48295302,,,[]
2022-09-25 09:00:00,32534600.48295302,,,[]
2022-09-26 09:00:00,32534600.48295302,KRW-STEEM,buy,['KRW-STEEM']
2022-09-27 09:00:00,32534600.48295302,KRW-STEEM,,['KRW-STEEM']
2022-09-28 09:00:00,32534600.48295302,KRW-STEEM,,['KRW-STEEM']
2022-09-29 09:00:00,32534600.48295302,KRW-STEEM,,['KRW-STEEM']
2022-09-30 09:00:00,32534600.48295302,KRW-STEEM,,"['KRW-STEEM', 'KRW-UPP']"
2022-10-01 09:00:00,32534600.48295302,KRW-STEEM,,['KRW-STEEM']
2022-10-02 09:00:00,32534600.48295302,KRW-STEEM,,['KRW-JST']
2022-10-03 09:00:00,32534600.48295302,KRW-STEEM,,['KRW-STEEM']
2022-10-04 09:00:00,32534600.48295302,KRW-STEEM,,['KRW-STEEM']
2022-10-05 09:00:00,32534600.48295302,KRW-STEEM,,['KRW-STEEM']
2022-10-06 09:00:00,32534600.48295302,KRW-STEEM,,['KRW-STEEM']
2022-10-07 09:00:00,32534600.48295302,KRW-STEEM,,['KRW-STEEM']
2022-10-08 09:00:00,35706212.47971889,,surplus sell,"['KRW-GAS', 'KRW-GLM']"
2022-10-09 09:00:00,35706212.47971889,KRW-MBL,buy,['KRW-MBL']
2022-10-10 09:00:00,35706212.47971889,KRW-MBL,,['KRW-JST']
2022-10-11 09:00:00,35706212.47971889,KRW-MBL,,['KRW-JST']
2022-10-12 09:00:00,35706212.47971889,KRW-MBL,,['KRW-MBL']
2022-10-13 09:00:00,35706212.47971889,KRW-MBL,,['KRW-MBL']
2022-10-14 09:00:00,30990297.62390696,,deficit sell,['KRW-JST']
2022-10-15 09:00:00,30990297.62390696,,,[]
2022-10-16 09:00:00,30990297.62390696,,,[]
2022-10-17 09:00:00,30990297.62390696,KRW-JST,buy,['KRW-JST']
2022-10-18 09:00:00,30990297.62390696,KRW-JST,,['KRW-JST']
2022-10-19 09:00:00,35360724.211893834,,surplus sell,[]
2022-10-20 09:00:00,35360724.211893834,,,[]
2022-10-21 09:00:00,35360724.211893834,,,[]
2022-10-22 09:00:00,35360724.211893834,,,[]
2022-10-23 09:00:00,35360724.211893834,,,[]
2022-10-24 09:00:00,35360724.211893834,,,[]
2022-10-25 09:00:00,35360724.211893834,KRW-MED,buy,"['KRW-HIFI', 'KRW-MED']"
2022-10-26 09:00:00,35360724.211893834,KRW-MED,,"['KRW-MED', 'KRW-1INCH']"
2022-10-27 09:00:00,35360724.211893834,KRW-MED,,['KRW-MED']
2022-10-28 09:00:00,35360724.211893834,KRW-MED,,['KRW-BTG']
2022-10-29 09:00:00,35360724.211893834,KRW-MED,,"['KRW-STORJ', 'KRW-MED', 'KRW-FCT2']"
2022-10-30 09:00:00,35360724.211893834,KRW-MED,,['KRW-WAVES']
2022-10-31 09:00:00,35360724.211893834,KRW-MED,,"['KRW-STORJ', 'KRW-MED', 'KRW-GLM', 'KRW-FCT2']"
2022-11-01 09:00:00,35360724.211893834,KRW-MED,,"['KRW-HIFI', 'KRW-MED', 'KRW-GLM']"
2022-11-02 09:00:00,35360724.211893834,KRW-MED,,['KRW-MED']
2022-11-03 09:00:00,35360724.211893834,KRW-MED,,"['KRW-HIFI', 'KRW-MED', 'KRW-AHT', 'KRW-GLM', 'KRW-1INCH']"
2022-11-04 09:00:00,35360724.211893834,KRW-MED,,"['KRW-WAVES', 'KRW-BTG']"
2022-11-05 09:00:00,35360724.211893834,KRW-MED,,"['KRW-GRS', 'KRW-SBD', 'KRW-BTG']"
2022-11-06 09:00:00,35360724.211893834,KRW-MED,,['KRW-MED']
2022-11-07 09:00:00,35360724.211893834,KRW-MED,,"['KRW-GAS', 'KRW-MED', 'KRW-GLM']"
2022-11-08 09:00:00,35360724.211893834,KRW-MED,,['KRW-MED']
2022-11-09 09:00:00,35360724.211893834,KRW-MED,,['KRW-MED']
2022-11-10 09:00:00,35360724.211893834,KRW-MED,,['KRW-MED']
2022-11-11 09:00:00,35360724.211893834,KRW-MED,,['KRW-MED']
2022-11-12 09:00:00,35360724.211893834,KRW-MED,,['KRW-MED']
2022-11-13 09:00:00,35360724.211893834,KRW-MED,,['KRW-MED']
2022-11-14 09:00:00,24685788.600756075,,deficit sell,[]
2022-11-15 09:00:00,24685788.600756075,,,[]
2022-11-16 09:00:00,24685788.600756075,,,[]
2022-11-17 09:00:00,24685788.600756075,,,[]
2022-11-18 09:00:00,24685788.600756075,,,[]
2022-11-19 09:00:00,24685788.600756075,KRW-FCT2,buy,['KRW-FCT2']
2022-11-20 09:00:00,24685788.600756075,KRW-FCT2,,['KRW-FCT2']
2022-11-21 09:00:00,24685788.600756075,KRW-FCT2,,['KRW-FCT2']
2022-11-22 09:00:00,24685788.600756075,KRW-FCT2,,['KRW-FCT2']
2022-11-23 09:00:00,27008621.107469283,,surplus sell,"['KRW-POWR', 'KRW-MBL', 'KRW-CBK', 'KRW-XEC']"
2022-11-24 09:00:00,27008621.107469283,KRW-TFUEL,buy,"['KRW-TFUEL', 'KRW-STRAX']"
2022-11-25 09:00:00,27008621.107469283,KRW-TFUEL,,['KRW-TFUEL']
2022-11-26 09:00:00,27008621.107469283,KRW-TFUEL,,"['KRW-TFUEL', 'KRW-MBL']"
2022-11-27 09:00:00,27008621.107469283,KRW-TFUEL,,"['KRW-TFUEL', 'KRW-STX', 'KRW-T']"
2022-11-28 09:00:00,27008621.107469283,KRW-TFUEL,,['KRW-TFUEL']
2022-11-29 09:00:00,27008621.107469283,KRW-TFUEL,,"['KRW-POWR', 'KRW-TFUEL', 'KRW-MBL']"
2022-11-30 09:00:00,27008621.107469283,KRW-TFUEL,,"['KRW-TFUEL', 'KRW-WAXP', 'KRW-T']"
2022-12-01 09:00:00,27008621.107469283,KRW-TFUEL,,"['KRW-TFUEL', 'KRW-AHT']"
2022-12-02 09:00:00,27008621.107469283,KRW-TFUEL,,"['KRW-TFUEL', 'KRW-MBL', 'KRW-AHT']"
2022-12-03 09:00:00,27008621.107469283,KRW-TFUEL,,['KRW-TFUEL']
2022-12-04 09:00:00,27008621.107469283,KRW-TFUEL,,"['KRW-ZRX', 'KRW-UPP', 'KRW-TFUEL', 'KRW-WAXP', 'KRW-T']"
2022-12-05 09:00:00,27008621.107469283,KRW-TFUEL,,"['KRW-UPP', 'KRW-TFUEL']"
2022-12-06 09:00:00,27008621.107469283,KRW-TFUEL,,"['KRW-TFUEL', 'KRW-MBL', 'KRW-GLM']"
2022-12-07 09:00:00,27008621.107469283,KRW-TFUEL,,['KRW-TFUEL']
2022-12-08 09:00:00,27008621.107469283,KRW-TFUEL,,"['KRW-SC', 'KRW-TFUEL', 'KRW-MBL', 'KRW-AHT', 'KRW-STRAX']"
2022-12-09 09:00:00,27008621.107469283,KRW-TFUEL,,['KRW-T']
2022-12-10 09:00:00,27008621.107469283,KRW-TFUEL,,"['KRW-UPP', 'KRW-WAXP']"
2022-12-11 09:00:00,27008621.107469283,KRW-TFUEL,,['KRW-TFUEL']
2022-12-12 09:00:00,27008621.107469283,KRW-TFUEL,,['KRW-T']
2022-12-13 09:00:00,27008621.107469283,KRW-TFUEL,,"['KRW-ONT', 'KRW-TFUEL', 'KRW-AHT', 'KRW-STRAX', 'KRW-FCT2']"
2022-12-14 09:00:00,27008621.107469283,KRW-TFUEL,,['KRW-TFUEL']
2022-12-15 09:00:00,27008621.107469283,KRW-TFUEL,,"['KRW-TFUEL', 'KRW-KAVA', 'KRW-FCT2']"
2022-12-16 09:00:00,27008621.107469283,KRW-TFUEL,,['KRW-TFUEL']
2022-12-17 09:00:00,19325816.862822592,,deficit sell,[]
2022-12-18 09:00:00,19325816.862822592,,,[]
2022-12-19 09:00:00,19325816.862822592,,,[]
2022-12-20 09:00:00,19325816.862822592,,,[]
2022-12-21 09:00:00,19325816.862822592,,,[]
2022-12-22 09:00:00,19325816.862822592,,,[]
2022-12-23 09:00:00,19325816.862822592,,,[]
2022-12-24 09:00:00,19325816.862822592,,,[]
2022-12-25 09:00:00,19325816.862822592,,,[]
2022-12-26 09:00:00,19325816.862822592,,,[]
2022-12-27 09:00:00,19325816.862822592,,,[]
2022-12-28 09:00:00,19325816.862822592,,,[]
2022-12-29 09:00:00,19325816.862822592,,,[]
2022-12-30 09:00:00,19325816.862822592,,,[]
2022-12-31 09:00:00,19325816.862822592,KRW-LSK,buy,['KRW-LSK']
2023-01-01 09:00:00,19325816.862822592,KRW-LSK,,['KRW-LSK']
2023-01-02 09:00:00,19325816.862822592,KRW-LSK,,['KRW-LSK']
2023-01-03 09:00:00,19325816.862822592,KRW-LSK,,['KRW-LSK']
2023-01-04 09:00:00,19325816.862822592,KRW-LSK,,['KRW-LSK']
2023-01-05 09:00:00,19325816.862822592,KRW-LSK,,['KRW-LSK']
2023-01-06 09:00:00,19325816.862822592,KRW-LSK,,['KRW-LSK']
2023-01-07 09:00:00,19325816.862822592,KRW-LSK,,['KRW-LSK']
2023-01-08 09:00:00,19325816.862822592,KRW-LSK,,['KRW-LSK']
2023-01-09 09:00:00,19325816.862822592,KRW-LSK,,['KRW-LSK']
2023-01-10 09:00:00,19325816.862822592,KRW-LSK,,['KRW-LSK']
2023-01-11 09:00:00,19325816.862822592,KRW-LSK,,"['KRW-LSK', 'KRW-REP']"
2023-01-12 09:00:00,19325816.862822592,KRW-LSK,,['KRW-LSK']
2023-01-13 09:00:00,21180420.8801927,,surplus sell,"['KRW-STEEM', 'KRW-SBD', 'KRW-MOC', 'KRW-HIVE', 'KRW-JST', 'KRW-FCT2', 'KRW-T']"
2023-01-14 09:00:00,21180420.8801927,KRW-T,buy,['KRW-T']
2023-01-15 09:00:00,23868705.068832543,,surplus sell,"['KRW-UPP', 'KRW-CRE', 'KRW-STRAX']"
2023-01-16 09:00:00,23868705.068832543,KRW-DAWN,buy,['KRW-DAWN']
2023-01-17 09:00:00,23868705.068832543,KRW-DAWN,,['KRW-DAWN']
2023-01-18 09:00:00,23868705.068832543,KRW-DAWN,,['KRW-DAWN']
2023-01-19 09:00:00,23868705.068832543,KRW-DAWN,,['KRW-DAWN']
2023-01-20 09:00:00,23868705.068832543,KRW-DAWN,,['KRW-DAWN']
2023-01-21 09:00:00,23868705.068832543,KRW-DAWN,,['KRW-DAWN']
2023-01-22 09:00:00,23868705.068832543,KRW-DAWN,,['KRW-DAWN']
2023-01-23 09:00:00,23868705.068832543,KRW-DAWN,,['KRW-DAWN']
2023-01-24 09:00:00,23868705.068832543,KRW-DAWN,,['KRW-DAWN']
2023-01-25 09:00:00,23868705.068832543,KRW-DAWN,,['KRW-DAWN']
2023-01-26 09:00:00,23868705.068832543,KRW-DAWN,,['KRW-DAWN']
2023-01-27 09:00:00,23868705.068832543,KRW-DAWN,,['KRW-DAWN']
2023-01-28 09:00:00,23868705.068832543,KRW-DAWN,,['KRW-DAWN']
2023-01-29 09:00:00,23868705.068832543,KRW-DAWN,,['KRW-DAWN']
2023-01-30 09:00:00,23868705.068832543,KRW-DAWN,,['KRW-DAWN']
2023-01-31 09:00:00,23868705.068832543,KRW-DAWN,,['KRW-DAWN']
2023-02-01 09:00:00,23868705.068832543,KRW-DAWN,,['KRW-DAWN']
2023-02-02 09:00:00,23868705.068832543,KRW-DAWN,,['KRW-DAWN']
2023-02-03 09:00:00,23868705.068832543,KRW-DAWN,,['KRW-DAWN']
2023-02-04 09:00:00,26282394.34545606,,surplus sell,"['KRW-GAS', 'KRW-XEC']"
2023-02-05 09:00:00,26282394.34545606,,,[]
2023-02-06 09:00:00,26282394.34545606,KRW-GAS,buy,"['KRW-BTG', 'KRW-GAS']"
2023-02-07 09:00:00,26282394.34545606,KRW-GAS,,"['KRW-BTG', 'KRW-GAS', 'KRW-TFUEL']"
2023-02-08 09:00:00,26282394.34545606,KRW-GAS,,['KRW-GAS']
2023-02-09 09:00:00,28758272.073651195,,surplus sell,[]
2023-02-10 09:00:00,28758272.073651195,KRW-ENJ,buy,['KRW-ENJ']
